ticker,fold,train_start,train_end,test_start,test_end,short_window,long_window,fixed_total_return,fixed_cagr,fixed_volatility,fixed_sharpe,fixed_max_drawdown,fixed_trades,fixed_win_rate,fixed_profit_factor,vol_target_total_return,vol_target_cagr,vol_target_volatility,vol_target_sharpe,vol_target_max_drawdown,vol_target_trades,vol_target_win_rate,vol_target_profit_factor,buy_and_hold_return
AAPL,1,2020-01-02,2021-12-31,2022-01-03,2022-12-30,10,20,-0.03866427213659248,-0.013090493895743127,0.17503661487759517,0.011661955801964951,-0.25392321371685644,17,0.29411764705882354,0.9298938301778982,0.015785551288100688,0.0052476079539423015,0.09672004609345357,0.10254440671562978,-0.1901665151837918,17,0.29411764705882354,1.0494209100202792,-0.2861381429748831
AAPL,2,2020-01-02,2022-12-30,2023-01-03,2023-12-29,5,20,0.5292717129686585,0.23753956906632423,0.1639786459882587,1.3849170830933482,-0.1681433674136219,11,0.45454545454545453,2.9352128987435453,0.359853761546606,0.16674329555282674,0.11233391610250996,1.4325875925596474,-0.1043399940846545,11,0.45454545454545453,3.1931080955332387,0.5393779423449088
AAPL,3,2020-01-02,2023-12-29,2024-01-02,2024-12-31,5,20,0.18457946261302,0.1852687198663876,0.1666136165152523,1.1031681607553077,-0.11824765145299258,6,0.3333333333333333,2.3650807995535166,0.15475958684864352,0.15533033521839923,0.11897863157287879,1.273430726886634,-0.08471543159401834,6,0.3333333333333333,2.779124282343617,0.3489549611736807
MSFT,1,2020-01-02,2021-12-31,2022-01-03,2022-12-30,50,100,0.21822731978729498,0.06818877371641907,0.1674658936428365,0.47854647208010315,-0.15658555535148194,4,0.5,2.241722194327378,0.09185881861344737,0.02980304378978449,0.10257822823129262,0.33839655006592056,-0.10928748061185713,4,0.5,1.740442695006781,-0.2835847428701456
MSFT,2,2020-01-02,2022-12-30,2023-01-03,2023-12-29,5,100,0.3673883306368289,0.16998222958768694,0.19095311963659373,0.9195038880012513,-0.16248855334992832,8,0.375,3.8655690211997786,0.17470496718943468,0.08413776420874619,0.12356410510647158,0.7172913285771486,-0.1106095928047322,8,0.375,2.7925435785997967,0.5695801221760366
MSFT,3,2020-01-02,2023-12-29,2024-01-02,2024-12-31,30,200,-0.048852406241659485,-0.04901598835087562,0.047389513664570546,-1.0370520876652327,-0.07067762898154831,1,0.0,0.0,-0.04200393807694083,-0.042145099224825566,0.040793192866900044,-1.0354538948943597,-0.06096566187093036,1,0.0,0.0,0.1365168537476709
GOOGL,1,2020-01-02,2021-12-31,2022-01-03,2022-12-30,50,100,0.7020381221103852,0.19449261247890348,0.19772215416067287,1.0003207810034849,-0.21390410194888143,4,0.75,24.94394622802975,0.4149447265791768,0.12298230315785719,0.14814441093899416,0.8592783903442859,-0.1907245029181507,4,0.75,32.694035945440014,-0.39148155004286916
GOOGL,2,2020-01-02,2022-12-30,2023-01-03,2023-12-29,50,100,0.7535058656611386,0.32547764728021056,0.24147892870052387,1.2909285204652314,-0.21386735161113382,3,1.0,inf,0.43373881100281725,0.19812928944038233,0.18128594380581364,1.0904846758406526,-0.19077242009241582,3,1.0,inf,0.567437142463101
GOOGL,3,2020-01-02,2023-12-29,2024-01-02,2024-12-31,50,100,0.18520302344144163,0.18589478667950687,0.244584284041486,0.8190021046336089,-0.21396939808877852,2,1.0,inf,0.10980823198752128,0.11020537669947972,0.20083830654795262,0.6207749683668476,-0.19078251640288144,2,1.0,inf,0.37005142621695664
AMZN,1,2020-01-02,2021-12-31,2022-01-03,2022-12-30,5,20,0.23387224625974878,0.07275350990365892,0.2410284072457059,0.41202310181769264,-0.29352523563049443,18,0.5555555555555556,1.4718348199262596,0.24716621920177773,0.07660211478242629,0.12531878515293554,0.6529985829629579,-0.09568567688078528,18,0.5555555555555556,2.3159230358091927,-0.5070552576558551
AMZN,2,2020-01-02,2022-12-30,2023-01-03,2023-12-29,10,20,0.30586412315160516,0.14326786331657249,0.24746033128370754,0.6657985253321936,-0.2352766847424052,13,0.46153846153846156,1.9213625608994434,0.18235044847364743,0.08767217347725653,0.153620072450685,0.6249461292110442,-0.1421175588459475,13,0.46153846153846156,2.080561214403117,0.7704498133500892
AMZN,3,2020-01-02,2023-12-29,2024-01-02,2024-12-31,5,20,0.2705123071360076,0.271557332572395,0.2161507043293111,1.219378145865473,-0.11981634599455564,6,0.8333333333333334,8.875287784980053,0.17859263833985722,0.17925789324788988,0.15365158490976055,1.15005043242254,-0.0847957937741066,6,0.8333333333333334,11.115600196380857,0.4632829327489677
SPY,1,2020-01-02,2021-12-31,2022-01-03,2022-12-30,50,100,0.2451371299915624,0.07601646569230813,0.10670234629420698,0.7419609829468924,-0.1087347599276551,3,0.6666666666666666,3.6395728635212636,0.2637989474809279,0.0813790148151039,0.09889488094868525,0.8428674417803991,-0.08477625350291754,3,0.6666666666666666,4.643273678126838,-0.199451551115938
SPY,2,2020-01-02,2022-12-30,2023-01-03,2023-12-29,10,100,0.3112845627846901,0.14564631829680486,0.11392747126442154,1.2537359996423805,-0.08049482529025072,3,0.6666666666666666,30.429968160027457,0.3078116185893162,0.1441229773328152,0.10656045878708614,1.3202808294370671,-0.08071586774533229,3,0.6666666666666666,37.15201676967877,0.24812244214345855
SPY,3,2020-01-02,2023-12-29,2024-01-02,2024-12-31,20,200,0.0,0.0,0.0,,0.0,0,0.0,0.0,0.0,0.0,0.0,,0.0,0,0.0,0.0,0.23998735778721245
